0,1,2,3,4
-2.3740632699817286,-0.3520822680046575,-3.440295897304244,1.79803359711847,-2.058645374428406
-1.3559838888047624,-2.650468298577745,-0.38593965071605224,2.190465861259172,-1.7610408180214017
-1.147495767346419,-0.017481722913868285,-2.0356774353606832,-0.10913469742100447,0.11852749787333816
0.7175945154012701,1.4791400204399432,1.6060566496279236,-2.0592615704848427,-1.9534480993914436
-0.2245905195857275,-0.6607231159847478,-0.017479600581564544,-0.55670742833652,-0.8024563125572001
-0.8671867174218314,2.4334665861066425,-0.6664043361625921,-1.1284582310626985,0.6503420143992859
2.120948644995843,-1.362740932759952,0.58602272769438,0.17759844675065026,2.7661675538390442
2.256930264925672,0.3077019735673357,-0.1621914196354304,-1.4149726739786592,2.7225798515800848
1.2560420344063787,1.3778720456236158,-1.043348259047943,-0.4837387105111334,-0.13089636348831377
0.7752686293610981,0.13138402007896793,-1.11329009227907,2.9032471737885204,-1.819413118673877
1.2915668826133135,-2.4192233678858703,1.3270184780563379,3.801301679229427,-0.3266394276360728
2.3241134619272805,0.13839314355190346,0.39737315480779023,-0.517872007298579,-0.5672262081819955
-1.7200493862480588,-1.8568210933429232,0.35158338822573415,0.00800829954979685,-1.45029064904571
-0.38322586733581504,1.4945085929032125,-5.883920156638716,-0.9916696257676478,2.233756830122412
2.0534686829622335,1.1189705931384915,-1.7797696590185528,-1.1398110264748285,0.40768651133050504
2.5177663131370878,1.870293604936382,1.7693153154672552,-3.5681976508989544,1.19361404415278
-1.804119959646568,-0.0389557785035356,-0.9455127923592822,-0.6405635616374122,0.6151504812513269
-0.11463392755914942,1.7961984346535218,-1.1064307770522055,-2.004603243345808,-1.9736652720044274
-1.4017329846408058,0.3575675260284726,0.29820767916406576,-0.9577013078191725,-1.5994943566459496
-2.7873977529338503,-1.1811812251312603,-2.591895891646761,1.3039502834887158,-3.3528766873380795
-0.7893011457118289,-0.563010454607545,0.20413425850019767,3.663536177130827,-3.0161282561027765
0.24347060986137153,1.198006366797335,-0.19614905498151552,-2.6913901530209388,0.12872318841896635
-2.3692704220048495,1.240633221846581,-0.21685233971139148,-3.786878776179346,-1.0386919444585856
-0.19838468775459328,0.06415045340419055,-0.7277258893830318,2.4995067731301863,2.3111699559686656
5.273716002549834,-0.3608998954045134,2.433406958942029,-1.167965029245784,5.202556519617034
0.3677837327997841,-0.6049830857710136,1.93337341899465,1.0441000121072797,-1.2764338783995226
0.9497377187306031,0.3098644997410255,1.0528028336769217,-1.364590833502197,1.036966559151497
1.241188645104485,-3.5661536067190545,0.8581862712480502,2.320617652894187,2.55347058206694
-1.947951325283561,0.47114361287565953,-3.032072367116834,-0.27324845859602753,-0.8823638949121455
-0.1732397534336161,3.099452543929764,1.3808415844920618,-1.274832299596813,-2.011187517337106
-1.7829617768911634,1.1621164672677116,-3.136196440953192,-1.0479970704340373,1.1149345656852945
-0.9062706679969563,-3.6992262000997416,1.3731427950851105,2.764545648246111,-1.5864912918212588
-0.512039960850804,-1.4708369966354902,3.125789786644572,1.6522993060695352,1.6612088318042342
0.9881945517526086,0.36161802067630017,-0.02565120923323031,0.6041168426381046,-0.35470989941686665
-2.4129893826466002,1.309233966426913,-0.9300895622710663,-0.12008637233595125,3.709869842931142
-1.246760832677602,-0.6470956942227044,1.5680378863443623,-0.0035017247148010164,-0.15115469510281765
2.3514088579307106,0.33530000674030547,1.808194491884668,0.3472990431003266,0.450786785549832
3.0507181776727377,-4.132943040429983,3.2663102546624554,2.777626599665608,-0.4096562781818446
1.1240333438565762,1.0422580905056695,0.6597759148040956,-0.008143578268727872,-2.577186212095835
1.011484651058328,-0.7691957206815468,0.2803487894678003,-0.564764326916317,2.2391908699810705
-1.8491177855189205,0.5547796634728346,1.8560419444675569,0.21536793743589336,-0.13437372842060277
-0.8876180455555138,2.3036583019091452,-4.438869922994842,-4.272488793550544,2.999766039372563
-1.3609636445781887,4.01454930021622,-1.5159770841581575,-3.6271857927058955,-0.3498243047149562
1.8741825675118742,1.7514355126315024,1.7834253148418229,-0.6520311704025568,-0.09314343264663917
-2.40058208484706,-2.2432130061138236,-2.9056550466389424,1.756679410065817,-1.0954079827835712
-3.2020651906467714,-3.753712205651475,-1.51129741422272,2.6232239662485486,-1.2193381525327764
3.099634636832415,2.9110415325710597,-0.405712677087247,-2.6115298358919006,0.8433615487727003
-1.3300779138504533,1.0062584604071876,-2.5406402431089643,-1.9389965839592282,-0.9301140484293831
-1.319793367507849,-0.1502170423147916,0.8092116385538318,1.8953790625888027,0.3911308156217122
0.5396706665986659,0.2649773674362801,3.3346387373391,1.8176174521076902,-1.0343355269607006
-2.336686528752145,2.818366370915028,-2.9678429873424585,-2.021748969172891,-6.067918251348153
1.1870012501038576,0.2324581325399286,-0.9365261570176305,-1.4315383453674861,1.921108459028046
-1.690247377318573,0.17028719795541614,-2.096215448527895,-2.232527689819174,1.530480344536282
-1.4200529648875508,2.605267043040012,-0.5854906332772136,-1.0730346173023757,0.3083735032037539
1.0290556191537785,0.4578166262947878,-1.7015102424350077,-0.6886721721225306,0.9714281430954279
-2.4301122451084005,-2.0178739057535915,0.626526747899422,3.553516230315477,-1.5504770510915347
2.178086942352915,-0.227190085240958,1.995304533210527,-0.2709066656844932,0.4670173582967347
-1.6194202107187823,1.5296783214892047,-1.92272497688031,-1.833256648507865,0.8301423436762018
4.957654127955805,2.4592997378011576,1.0687308739562302,-2.53414531023273,4.687042727136543
0.8601449407465941,0.11015920295606722,0.9079654404008389,1.6457906499326285,0.429601094003757
-2.4116219456448866,1.8996265590090107,-0.9060754504869531,-1.4965600235340877,-1.4203484796211394
-1.901213915871066,1.9095507570418937,-3.1254301371603908,-1.3845000332620727,-0.12040037002091722
-0.2716008035848353,0.15114076865043619,2.339663541030105,0.17527464209256544,0.7961824155152155
1.6725373081805814,0.1164307444037161,2.7950541466473253,1.7490829902632523,-3.493016215085529
-0.7996282023349853,-1.8580144581048348,-0.0186101467487889,2.7011555290057117,-1.5496198779775077
1.2759876710565867,-1.2787971641361464,1.9420019953254186,1.338118831482444,0.03448215691110832
1.5489459675849062,0.5468660356462817,1.6227250658452639,1.545886196543332,1.535035834978533
-0.00696994516205475,0.7661138515373427,0.8449273224710699,-3.7372295112931395,-2.347340010471109
-2.7347082130559657,-0.1836610150842609,0.06283200612231904,0.20114034467199726,-1.4418586205072732
1.984939944574214,2.5244413725336043,1.4543180162076643,1.8466551573242695,-0.5785066252217326
-0.31016864779361697,1.0225828439180762,0.10947427826206577,-0.4821022850379504,0.9550678305793665
0.6274961970858396,0.2960001221882885,1.2622450488923431,1.6739120373632832,0.8241023333125029
2.4404668715918376,2.7850784912981688,3.091142100315043,-2.3953320700275214,-1.480115418179417
-1.8638528562306187,0.010229705655957683,1.826692704850369,-0.44468517133479984,-1.8553346781402724
0.7593269956671065,1.11644304394797,2.743447744384985,-2.9578643842065735,-3.339468586234358
0.8928869693952274,-1.8186026349008226,1.0491521655440246,-0.3103365129420871,4.417068222393811
-4.323983263524095,0.31173051875783864,-2.023932215103304,1.6411735868313169,-2.189429348424236
-0.7721189480243696,-3.0641153427574324,2.2271748035314887,3.6957852810821192,-0.7963516776383635
-2.57916712789838,-1.0453661502980278,-0.14358914564184838,1.4004916094222182,-0.35855814878814374
-0.8682820763178213,0.3268300235713329,-3.9223026419760374,-1.1195746422214867,0.5887584771409436
1.2656582053210732,-0.16320043783163005,0.8130881990043698,-1.1754980879599746,1.5413587777971411
1.2868226930582853,0.12363722300950798,0.5386781458428017,-0.12134452731872374,0.37288612174786784
4.297420218629817,0.35736330477458966,2.627504059340935,0.8780435106198223,-2.7300486573632297
1.384930903592221,-1.0292673638062804,0.2954706004610398,1.5382795832949834,0.717917029505838
-5.252183424651602,-0.152377298874126,-1.9012395969191165,-2.4253455926611824,-3.761089226185304
-2.718481072653883,1.5541170095598702,-0.7611876418708287,-1.2550963004229785,0.2574106806971826
1.9235863692417638,1.4521213790192757,-0.2955129654696145,-0.4776176356019236,1.937646314080312
-2.1554710519597293,0.9302180286235116,-3.9007339199531916,1.4352986208569474,-2.0599414198503663
-1.0638490847861783,2.3341203915399067,1.80650803752239,-1.7931956915742506,-5.0980966117503925
3.0481831595870856,-0.45112685581077416,1.5692756132923618,0.27032342129787745,0.5615209040240627
1.1282948280294736,-2.2104586882210024,1.3483405877670096,1.2712016851030365,-1.349324639230538
1.7332990262007026,-2.17956906243327,2.552932399234317,-1.0397576682218461,0.2013526499565751
1.9153725468156229,1.3328112198255824,0.9723771000164909,-2.0553593167987585,1.3301308170675206
-0.26037396143894004,-2.8327984785866143,-0.03736753927088032,3.0997996387203957,2.6218567814280687
0.3228528178551074,-4.7338041987337345,2.871330603822708,4.392076707923196,-4.869720226266753
1.9170122315091294,1.6042121048467617,0.8964770754558539,-1.119368740772221,3.954296159499381
0.27461556512737145,-0.3726783218665687,-0.7613638347908738,0.932577368923244,-2.0499452336634345
-3.635193603874241,0.9870039671187691,-2.9415138755248664,-0.20148942234366035,-2.740245673098939
0.7113120623490213,-0.14944655731400716,0.37507621053870843,0.06347867037143431,2.2475315728825436
-3.4847202409100664,-2.871209109950264,-0.20419631712261377,2.841096949894432,-1.158283984393874
0.26296925722527276,-0.5198846947925388,-1.3571132441211722,-1.085569171675921,0.1502053828113102
0.6874474906257961,2.0480336917498634,-0.10733682576128567,0.32276167889093277,-1.0327575199228523
-0.09506487705690186,0.2553497600147869,-1.545006686128095,3.728830913156837,0.878636215288322
-0.8796623895360721,-0.7511328534555648,-1.5014315167707841,-0.04033405990174463,-2.3842745182171883
-1.7862742689810764,0.4678105896569158,-0.5357739373703633,1.8510202050081066,0.3799418379748147
-0.9692203824163093,-1.2666889496218632,-2.1492178226528895,0.873412412090988,1.8129610916754082
0.9745983411252515,-2.2418232317464963,0.4139832959254546,3.3108122623181178,1.685045475790636
-1.2354021909962267,4.107410264566179,-2.63760575974723,-5.120818172743632,1.576632375451913
1.6012559383286862,-1.2009151755784906,0.6525052528270078,2.5320948688293528,-0.053116445047348776
-0.4705661667111689,-0.4035362158737623,-1.7916971504207881,-1.3851363570001818,0.37483822360511126
1.4009709924246025,-1.612920980026896,0.08838424074172109,3.306536388854995,-0.06748989033207184
0.2998864124718255,-0.10285875064338713,0.21609968079291053,-1.6326303856843094,-2.9526842698011846
-0.7707501106372794,-0.2635359619804122,0.5598250364783436,-1.4364720752548044,-3.625167918258511
0.5957645269025211,-0.4482456455426605,-0.2298541432402637,-0.5378341232786028,1.4834169061525486
2.316689634608626,2.385420749588492,-1.7315662317274008,-4.500388584239353,-0.4080949410851611
-2.151583487540803,0.8830924533185718,3.2748358956711803,-0.3264318658684444,-0.9396718652312621
-1.651331994567948,2.8010009984510074,-2.53041843573416,-3.689745208103148,-1.3616527667060216
1.2403980993124666,2.314041292125379,-2.694054502714262,-1.3475674862575622,2.3803634463369194
0.018027306764867256,-0.780395457762596,-0.728295742495765,1.3037759050537718,1.5450754504323707
3.681640895597073,-3.7198028243312686,4.937070430519934,2.0029546590144074,0.7509841251441933
2.434228769766992,-1.1020616405490347,-1.6923127695765277,1.5705044376775787,1.8473211541497125
-0.017241422524589795,3.109980214540174,-2.8632816656889943,1.9878143877000987,-3.4338832033860025
-0.857572520932872,-1.638982270445661,-0.577847573900086,1.7319671585837737,-1.5335766757906557
0.38958849371095383,1.7129968790134584,-2.6811485187207977,-2.2678565445069556,2.418241118683546
0.36619338630080794,-1.327452034163452,2.0104554143943325,1.2828629812366505,-2.295337303925291
0.10590783907812922,-2.167708722106326,-0.2967521909484196,1.5365161023488423,-2.2705234590494476
0.2781396483783665,-0.15287795245790453,0.06810174703104147,1.2077455584185264,0.8697831904166394
-0.7005036300573034,-1.1053071019060625,0.7936543687483102,1.9350633640708963,0.0906272695796275
3.3104342184401476,0.3278493336296879,-1.8008540840438414,-1.585587793533511,2.64832714421821
3.7536219904228836,2.708025279019611,3.8112276126971536,-0.9751717228967433,-0.14039387368848977
-4.854925826333515,2.31770048286982,-3.183598723264355,-0.025188553236003344,0.8275430012935179
0.37688317220813067,1.118496396513406,1.7468817278032298,-1.30932776967208,2.253266295222753
2.585758244843538,1.839249176115565,0.7892084977237827,-2.437489476299913,-0.5483958352102679
3.650592261674479,-2.2718327542050596,-0.11318649054956813,-1.1417202205323314,4.39060565937774
3.063883196559826,-0.44098262851249337,1.2948894854395276,0.002725105185201915,-0.1896097031464496
1.6782316460470628,-0.4690915385780843,2.85510920695385,-0.7482702506597532,1.0404981721902278
2.0614497429641867,-0.465659841909554,-0.3294902652530775,0.5963993294565367,3.6113806383971054
1.2808917752672417,1.4561946656935845,-0.02296106403335832,-1.2409849590549378,1.2271577458073915
-0.20598303262909343,1.5850528735708305,-3.4836574332891526,-2.544796543803871,-3.6463156500640572
1.7766187962635085,-1.3966608296869927,1.5164281540235942,1.057579218030757,-1.7965339766277346
-0.028754526912462428,1.127528425150919,-0.3638340848999107,-1.4134287731480835,-0.5259968398523925
-1.9381984094139502,-2.705062254593879,0.1863487395572761,-0.45938737928159096,-0.3450000714878162
-2.6830750255135665,-1.736053179714242,-2.5214375945417067,0.29091949061004146,1.1115662226514686
2.3943988409589654,3.4226978371610395,0.16025739347972015,-1.9686746426025368,-2.0436245378702247
-2.520807987012836,-0.5142685938785685,-1.2214468992615637,-2.33058225019297,-0.41471929860145945
0.23626998757806028,-1.3624406168267797,-0.0683491293404041,-1.9663156560458517,-0.24327180992967024
0.9036522475569768,-0.05884253362608045,2.561041663027354,0.414653030442763,-1.414863734653456
-0.380320505990646,2.260177434444616,-0.20323143099673494,-2.2304294667527538,-4.326813442041026
-1.2271626196076078,-1.3183549378888904,-0.08806839013600803,0.8119762388348006,-2.3273378214779785
1.8707674939856211,0.1604050382029262,0.0788207327710022,0.33515353526420755,-1.8819846810946153
2.902634794407314,-1.839559845255137,0.09985344427722312,2.683483450334897,3.975010076240206
1.5374605247501492,1.138981553855228,1.9909912450631466,0.8709337965719894,-0.8285287105632205
-1.082546048350534,3.8777605131240165,-2.404560638956366,-5.173934800106426,0.24599341536285851
-1.5212365591429635,0.752288465997605,0.5825057522025384,-0.7060494242398426,-2.0803693156613945
2.0945311414952497,-1.202017284204779,2.3525352539840556,2.2976169355929814,2.137238825170662
1.7849724583286628,1.1200613929682646,-1.8600938726955207,-0.07857842376516658,2.565151635166293
2.992219384240781,0.5562403187874562,1.0289633782575311,1.020310849676985,0.18146502643076587
-3.88077528253663,2.504365638020354,-2.6231862625172964,-0.022156756542356784,-1.2917025144686582
-0.61790560861378,1.0219742965111154,0.6721177681598997,2.181496360712466,0.8017032387534363
3.2460815543324575,0.07629218473987512,0.1665267107797524,-1.8997788286390873,2.3898863282907135
0.8439936777646813,0.0047151508490247,2.5812848587180097,0.19542716146363825,-1.0431814980888623
-1.2232658265150138,-0.8869124380650685,-1.3822034266434273,-1.6106595334877858,-5.247615454978314
0.6814392990309601,-0.9334833672108511,0.9136020760736718,2.200368225545921,4.652852410849521
2.6099006647651337,0.5365005644993235,1.1739236887704088,-0.20230596247216795,4.736659520822554
1.116439066453836,1.418511799647383,-0.69347081358737,-0.4932581659856677,1.2222174251046165
-0.309091305206159,-1.4302640777830853,-0.42205033716171514,2.565074141024281,-2.56687361115479
-2.345188178611072,-2.1527505510732743,-0.695575697130227,0.35277044807802604,-1.1280782456574416
-3.079043444025322,1.0704608752910407,-3.163728567688548,-1.4190283409373667,-0.7186287189525717
0.47612131774450706,0.7584076362371125,-1.9750100906586645,-0.5583802001095741,3.1484083593683625
0.023455070099816136,4.52980705963073,-1.595407293715882,-3.7785114151847083,2.5232567695013826
5.278683228213725,1.6154684740448717,2.6192943368910258,-2.3854684957211396,2.5246083627061537
1.7272422660903004,0.4834028260784385,-1.4399569825603837,-0.18639377804601212,0.4559555567358283
-0.2089893728599258,-1.0978384015175868,-0.32391410705774754,0.23735981221373878,1.3751750045459812
2.5478281480616833,2.3925911114270266,1.915233407529478,-0.42587258981809,0.5401513965448533
0.01964682706543969,0.7780970009366428,1.5335102379573626,1.0708147787349478,0.9584989028616695
-1.3094291430730711,1.9272762743893186,0.03418025117505219,-4.937765087736237,1.9250514319672387
0.8601901911842802,4.620243356384957,-2.4793447893231577,-2.199258822609484,3.1801969173035944
-0.4764631487702397,0.2713637243410951,0.05162282733035199,-0.13363165286239173,3.372633385563162
2.8421803059488475,1.8097263128421472,0.8761019772763845,-3.8356237510311377,-2.1919274230406556
-0.0930992307864543,1.35248521724424,-1.4378027453665934,0.9984010265815749,-0.25869165703037955
-1.4954413057873155,1.069871970992107,-2.0600317324150863,0.07626389422985255,-1.007715298252121
0.14077945334857167,0.8242950884636383,-2.4158330589756565,-2.547646640314516,2.9940868972860533
-2.332861327667165,-0.23183609196868282,-0.5657542291980058,0.1694556715073516,1.7335262681993493
1.6472169162476438,-1.5196178242504579,0.9662264366075517,-0.0802691575886692,-0.3716972862001184
-0.9300834540174538,2.065524995986277,-2.3160653172692807,1.02807525859264,-2.397787782738199
-0.1841508716757274,-1.3006809308340879,0.6179356119384067,0.8192179610303083,1.4727826350752893
-2.2990930152523252,-0.9280238635089589,-1.2126988019530398,0.5010895857439782,1.1090344016431042
0.13422638294308248,0.26337654772420016,-1.5883729324193048,-0.9488129842560498,-1.190211200464102
-0.980117183741172,1.4458153905523927,-0.05722829607961888,2.013715243921454,-1.687954674979054
2.8406102826095476,2.918272351304653,1.571540593903212,-1.1918573257009546,-0.04150500952282646
-1.6201281442699031,-0.48874492904576516,0.23636112142160173,1.2561027919898948,0.26228812064004703
0.5339202117148163,1.2928568363092956,1.992050690144595,0.20656894243925156,0.3275254618043126
0.9754407656176054,-0.7379587417245792,-1.2216064501385724,1.7446497239153191,0.8274349598473782
1.2820663570076616,0.014412437964812203,-0.34186276931160225,0.07498536370985463,-0.26775803830683337
1.486440894241902,4.510587392470541,-1.422921797861518,-1.6101188486924911,0.0725560479676737
0.5393873992901053,0.9357790635057407,0.15654839527726888,-1.3508771999790619,-3.024048371560179
0.020422555638152984,1.4292277119463215,-1.2411762845405518,-1.3340520033844616,-0.32544410248297334
1.7693115244865805,-1.7836888254540082,-1.4024645963963058,2.8768947578827544,3.191207501827888
-0.4431342277377498,0.6679007528282083,0.11312727065914345,0.07099833873672987,-2.661751359565937
-2.3153690979191555,0.10490800901738839,-1.3988426983196287,0.14683654953958403,0.10674801415575652
1.889207148826629,-0.35282654728422214,-1.6745145511559274,0.4148559081764701,-0.13477605088862335
1.0185003407070534,-2.1128735483213417,2.493785865389477,1.6850122051104377,1.3118799395828058
-0.5345190444643096,0.198832160628036,-2.7444978223335945,1.0775226248436394,-4.286010071808645
-0.7938617602161012,1.2890740270268666,0.7515393699392592,-0.7994433444272531,0.385843409916342
-2.407497032424098,-1.0152908427298637,-0.6869434088450782,2.0476952280929592,-3.0593248305728755
-2.102056443351553,-3.2131889133310594,-0.6670124778835587,2.8986080578540063,-1.2204663225037045
-0.3995733049241542,-1.8677073865477396,0.09097048902981437,1.3087640878550812,-0.3237606977775203
-0.9426144813721881,3.292201807620832,-1.0133652368846469,-2.7300303862690876,-0.8008838984828155
0.893904621525965,0.382326412169772,1.695467151852227,-1.2406401659860244,-0.04877926002359875
-2.8215289302287596,0.6962512545949977,-0.37833290908422834,-0.5026249910515237,-1.835256051163666
-2.000577401069896,1.1914234698407375,-3.18808335151212,-2.4790864070735004,-2.4668025145729517
-1.0556001305727407,-0.9337356397824491,-0.1217159665894035,0.9637477870661153,0.46021997264419057
-1.0235254337702917,0.22334626775147381,-1.8782342529879976,-2.512945816193076,-2.497907488770309
-1.3702411365887874,-0.5729867107963962,-0.23611256810214712,1.5911735344407498,-0.4288145718445342
-2.6246614481226676,-0.8842551980119108,-1.1727627532724654,2.923726118240129,1.449282424368592
2.7241571575062014,-0.11098408853173532,2.0768092057678182,-0.46481377257269557,-1.237403204593351
-2.103594323360899,-1.186321479107512,-0.6061279032000322,-2.0842345392741213,-3.182584778719399
1.7272230550704073,1.4017524384483733,-0.12642026609515733,-2.7338951296194995,1.089438540004121
2.919877119049103,1.0047906443966461,-0.9018801520851836,-0.3141457422253977,-2.4079982905871624
-0.8319159244183945,0.8272135671073156,-1.2844599169841437,-0.45387028652679495,-1.083181366991171
0.20556207312707525,-1.2543781270952195,0.5336173275078022,0.4969312444348181,2.2049798352876913
-3.111504167692509,-2.804015737290332,0.5807169599004564,3.6590642524085686,-2.349817054653002
2.170995645164823,0.19463768793128716,-1.6489509231037245,-0.8037146399111349,0.9349763129372741
-2.267077880961891,0.8577710047173235,-2.800083561399508,-0.10625689803147734,-1.4475867467076955
0.4589734465857885,0.822737004177183,-0.8298316754987372,0.15972845631376906,0.8451449907682166
1.6094257524611584,1.325070984004895,0.2570495053944426,-1.4648271573406073,1.38419380967391
-0.4061623130435654,1.6562170579325877,0.555355100010901,-2.3006300503014714,0.9475088706142568
-3.2528126380917874,-0.6294592952524556,-1.70119369782242,2.3222635225563373,1.4044300782530341
-1.023391858490591,-2.3863342945858115,1.0328845573761234,0.2364512981016125,0.5341870848805681
-2.0747836901538537,-1.534107665234691,1.826178317147864,-0.9796275854421693,-3.5000618483201125
1.5249037375713346,1.4863505289151702,-1.8687610961897865,-4.656155535180411,-0.38611253302066006
1.1732334811629805,-3.0087998272679273,0.7335764293052103,2.074289341514698,1.1259313359660579
0.3417882061934415,0.10030269929211183,-0.32251290208670946,3.8727226390626157,1.9399621452080824
-1.4531295631303742,0.7829202046953523,-4.221176670549044,-3.997344348760366,0.0003544705245303592
1.8865532742482651,0.03180010489008535,-0.37932228079825064,-0.9432207514169905,-0.5655841981405701
-1.877199571115102,-0.18257382405167327,-3.7894757737757008,1.7134150831740977,-0.7812385458025984
-1.0333120363043047,0.05559514267575784,1.394090164917945,-3.503397789137918,-0.3298233651522299
-2.793093809642046,-1.1465439103068826,-3.598209159428596,1.7324871375641546,-0.856157180083319
3.0525627095616814,-0.018948352938724898,1.8886384598317043,0.7531134683416867,2.7821466181407586
0.27313660049567956,1.7885879270759186,-1.337293958783157,0.23663500135172164,0.7896978210146212
-2.7982577704464737,1.810200324312225,-0.26055836837442614,1.079795378922705,-3.1314732426138607
5.70123891751533,-0.6041868746265073,6.315206161079116,-0.08449007547488543,0.41751976449319417
-1.1031627022428987,0.47086645039989034,-1.849241071804069,-2.325120685975479,0.22974336090608669
1.8032226288056818,-0.48668005379784124,0.061502475724335426,1.7695556991005974,2.3109362199018193
2.961585238184983,-1.110492253217106,2.4251272623271287,-0.8467129202158941,1.9510212622949594
-0.7468214752918612,1.1704382011621823,0.983797475878675,-0.9645574073804629,-2.9037495054479043
1.676238820340058,1.9413500199465745,-1.7276137822177573,-1.4223079388968625,2.7900502131698777
1.642136760467376,-0.6196101861593378,-0.4122914394255046,2.611769490076005,2.5050962921055024
0.025985681761014897,-0.7649561384206306,-1.1269314022642447,-0.2961760787942069,-0.0439487018929697
1.839830334158446,0.6095162615611223,1.8102640305487734,-1.6135877341747678,-0.9641194390156901
-0.8523811339408796,-2.6014306748995417,1.0711954542336972,-0.6104692879707257,-0.2735485596290114
-0.9540426561079691,-2.6849681250130053,1.8195988522862785,2.4832536522245894,0.843458412601017
3.796667749788444,-1.2069109838355958,4.970251917920473,0.17310106944120676,0.5132107329924458
1.7163644459371596,-0.9282967384759759,1.4110838084173627,1.8769476467249064,-1.2474381074515928
-3.3202335369704064,1.2097853511757624,-0.6692912118751828,-0.26653722247949,1.1140747534359472
4.794132280974715,2.272610843469475,0.9222448847952193,-0.5788719320795318,5.395440677650378
-5.040466077791861,-1.0695327751793569,-0.7227274729322304,1.2368833189785144,0.08772000073100905
-0.20462887314335826,-2.222213251722875,-0.030001924750496317,2.981169105620797,-1.3107124914725963
0.5336529738567611,-0.5552373364680532,0.9778921218532642,-0.44659027843950033,3.0063164486771146
-4.893404850360382,0.4009201949508423,-1.7933099649661368,1.6411608390552535,-2.6807872122598617
1.3861036401186033,-2.5268673720179007,2.791392621328967,2.923530564632322,1.2974756836404764
-0.9849335021817922,2.8670326427471924,-2.596954881356125,-0.24928075666113902,0.9961782336842538
-3.2528499120913548,0.3311221268443172,-2.0418452755233027,-0.9796952653697979,0.20523931885399785
2.3056937375686997,-0.7336513483680218,1.6165896299017688,-0.9541504158984361,1.5333289921192161
-0.3272627733796776,1.8195967900180632,-0.9919845407259043,-3.5596505714478064,-0.8229486212919281
-0.08251932059534686,1.4029282408147339,-2.1424672713099433,-1.4945823864627967,0.3082119967465413
2.6258079059999933,1.8556728852701934,0.5397381944780557,-1.3411628432312626,0.5214201693979764
-3.5772935216181634,0.5842344524240138,0.34685981439322416,-0.7590949867361494,-2.9720164375040476
2.5615431467741168,-1.2453774163112807,1.3411598988893059,3.146148777943909,-0.838233823436695
2.033246115671203,0.07198886696517534,1.4202360033303747,-2.281755824727766,2.072006422792534
-1.040708398831537,-1.854543477503515,-1.3032394455215328,1.29324613960982,-3.080165659081379
1.9464737918824853,-0.5655620856090667,1.7842570566969156,0.31457310764218677,-0.5517249223512912
3.0244192269328622,-1.7796171771719114,1.618611409791099,2.274214588453598,-0.20018446044437627
2.1943188166895644,-0.9232381856352605,-2.386704236253323,1.1201668920263512,3.779031508901846
2.562587835891671,1.7852689133015556,2.1548143575109817,-3.14130545009721,-0.37949967624135494
-0.1611775394624711,0.5135699850894025,-1.3182921732881336,-1.9619662249452063,0.4759963501897876
0.9331015759557076,0.8644582168862984,-2.833436875831512,-0.007051391188866107,5.145389900651298
2.430697913405696,-1.0320178565634204,2.8250117986863064,-0.40921995932148525,-1.7274727279883215
-1.9489583346282222,-0.890151902421413,-0.0904685768573937,0.47123009274983557,-0.9730623335688275
1.380031878962329,-0.4633846499657472,2.1293648990145546,-1.4021266342158296,-1.307303850252439
0.08244410433257937,-0.9731899295574038,0.8902663027985258,0.9464093719389857,-5.020870451493646
2.015563160476727,1.1030054396409474,-0.5498753947408754,0.06467075914349756,3.3935588491902187
-3.4137262411527387,3.423266328179835,-2.1468289553567828,-3.6400950411833715,1.3476608147439286
1.0361836931115325,-1.0777280323755083,0.8390132992489662,0.5861854372916312,0.7824877560048438
-0.6318536330995257,-1.371702388661585,-1.344132094002536,3.3277428176167425,-0.12436414002887151
-0.229823055794448,-1.8765597769168139,2.1809547730802947,2.310490433986167,-0.9931878175515927
-3.9602376890749063,-1.646329480931786,-4.0776338429077095,1.5956836241769778,1.9491804651031468
2.0292000669615264,3.874946608049308,-0.7693115060777603,-0.9995684392579198,1.4330393224001186
-2.2976678910515806,-1.9792465713423706,0.4767843236416817,1.5429880402526406,-1.073439777007643
-1.9392302435473565,1.8326541881912046,-2.1138979722237727,-0.865228864266033,-1.2685670450854571
-1.9208581243190004,2.282339237645471,-2.032211345579906,-2.285268098162107,-0.473090323290356
0.5269632200828398,2.3236751614185644,3.1097138693385857,-3.5435732890403275,0.16437963433049227
0.3526741517464825,2.397550061810655,0.565198679718158,-2.605964643245028,-1.0002628885124103
-2.99405571142509,-1.57954355943061,-1.4350610603750744,4.834989842765793,1.7676939078140386
-1.478955574357256,-0.6056475952814722,-0.38075380104739914,-0.5296813949537744,-2.320608844354762
0.9389611454557978,3.849514365573887,-2.4420472488536102,-1.1949857146233571,-1.0375752282447608
0.6857886342333549,-1.2280116386022,-2.0957318681423014,-0.10921469624350179,-0.5122099776006033
0.11172184145123534,1.8539167287372966,-0.28930005384476204,-0.8852679632763057,0.37003346922982894
-1.7037051619446444,0.2488538634254865,-1.8367398820614276,0.9930986143706899,0.6188796420261455
-2.1043943044722324,-3.325151536088645,-0.3125839835066747,4.206211672271878,2.6713762877792258
-0.3302804730560066,0.632340292037395,1.3838749442865197,2.362066244800138,1.0484479722721893
-0.00912462048257662,-1.4661034352306956,2.058141934068048,0.5927978110816872,-0.5771440326798125
-0.29035673874736423,0.3113487918135961,1.022340242131534,0.5112212507529198,-2.066880852079231
0.13266138481391468,0.32730997169821796,1.832049231233338,-0.9183258375214544,0.08010671486016428
0.053725572642538494,0.767501455768006,-1.3891877738427367,-1.6067406816719527,0.002041139384665547
-0.6661647922892999,1.4161797961875064,-1.2380551024956534,-0.3148896024858876,-1.8737142959277577
-0.7427907668847451,-3.5714833455543302,-0.2508420471962502,2.83918541389793,-0.517922600474248
-1.2738015296285512,0.6414575501382623,-0.12223223980533887,-0.3564519545030316,-1.8974618932114649
2.242331622312038,1.4605922978121602,-0.5001597208552205,-0.19675829357188368,1.4974875750047663
-0.10880067564169507,-1.6801883168837402,-0.8905924151258635,-0.9743018144295633,-0.9761064608758412
-2.6530385775442644,-0.2663392983080409,-0.7012215140328366,-0.151453352388447,-0.15220063367450307
-1.1170917698632494,-2.399471734521399,2.713658155092004,3.3007281869676643,-0.5031943965486748
-1.3966611869898766,-0.40741885616010004,0.09235866093887235,0.1958548008684055,0.3545141794633852
-2.078221664703332,1.9270994783130486,-3.813593637280642,-2.3014589167837745,-0.31275597307257774
0.8314191852206481,-3.020378009082352,1.3713925677725198,2.4964823321588065,-0.9941427868881164
-4.002858975213382,1.1076656312908657,-2.5344929921198087,-2.4442669722538337,-4.488013533714425
-0.4233844198306048,-1.0465732211083578,1.4047957462313096,2.563298472841792,-1.0590295580152507
-2.9179381134486486,-1.634081327593998,-1.0112468247967126,1.2523524732103584,-1.484567852563376
0.7133486225729297,0.25610994757397343,-0.35880567847618905,0.17237218227681714,1.1208617484122447
4.519539688308839,0.7077875298605498,1.4326159867362454,-0.523615886749087,2.9996820759722236
-0.48007435775531976,-2.7441676290197137,0.4377606871521684,1.4791392958464704,0.500833563778479
3.191492504767753,-0.6576694146534434,1.363406574284046,0.17912858844605492,4.516385902944791
3.5331665801675447,0.9914850034770453,2.764614856219594,-0.3582511245145765,-1.5724910487768464
0.22005079747914788,-2.086954667394723,0.7953715244907036,0.46556218465311733,-0.48791527219776437
1.477010173189135,-1.0847039986248825,0.23320948292527532,0.8832337686714173,-0.30337704340971333
-1.0484788863147494,0.9079377198301232,0.1319473228075086,-0.5865150753699113,0.7224859864970768
0.9715071166205246,-0.7490495887170907,0.38252196703017866,2.762112994490101,2.5793073655924847
-1.7244640210079187,1.1394071126222505,-2.575850749258666,0.5480166260816492,-6.260839428529268
-0.04808385897175521,-1.0891295199643902,1.7925872882435212,2.2241507402222114,-0.1199678212275826
-0.41225268028050044,0.15045131721699734,-0.4761947024018747,-0.40322960932924434,-0.6574553369634162
-2.5897906608282812,-3.083364772931076,4.352990128355412,1.4421702631231985,0.5540524946331539
2.2485593300087316,-1.4354302361189653,1.4085880899226124,0.21158113571199288,1.5729199313836248
-0.7493799521940389,-0.24294023278769164,0.23136433839719217,-0.9338421577410224,1.5589011497241014
0.8003188496071116,1.4368339328015765,1.4883697318762348,-1.4041945651196976,-0.6109496648867557
-1.864358066045487,-2.358544433389379,-0.75838669424621,3.3777702149113678,-1.1381088232134247
-2.4645281222872915,1.0732904011545257,-1.4535442181540328,2.3001951233931006,-1.8357489252309092
0.5174838070607937,1.5105138193372605,-2.0310301618352127,-2.10178037672942,0.5046454867859359
-0.04760571175135897,2.865971421864011,-1.298662010941669,-3.1747930417283703,-0.8559309233311881
-1.5138431467881077,0.07686203469706109,1.4175832309901297,1.1932643499491442,-1.904688344844044
2.103952647572316,3.51434533145391,1.280538237223626,-3.061809325063346,1.6285636303320723
-2.6323745560754617,-0.6682673598196259,-2.6312259045625437,0.9468856471131316,-0.7808416907899216
0.6657113934495823,2.7722500974695676,-3.6798183252562637,-2.855858543920434,3.3029257901016074
1.9549503450795922,-1.4494756237847228,2.015593574069589,-1.388219952404243,3.132987067517448
0.7076540508050981,1.131782386535442,-0.8344313199892344,1.1692290820758862,1.6848484036728062
-0.884148164924973,0.06246475051922751,1.4674750001395385,-0.14200360147569221,-0.1741635769485235
-2.1595467589177413,-2.1875393333867517,0.04108663370425182,2.100003534624671,1.110554077586289
4.327425269836051,1.6990591827554393,0.2647887977284642,-4.689677806666926,-1.14109274247467
2.739863932451561,-1.0906853833472143,-0.5012477135645796,3.0297675133084128,3.365250691847799
-1.4470977179639,-2.782620383878556,1.3325154580948038,0.9682398270648592,0.8555961290269646
-0.9391219883394609,0.7419368407304409,-0.7220040787493838,-3.1607169394716794,2.756350860300013
2.4976868164635375,-0.7757228355281065,3.835776434362302,0.7017274645831917,0.44818565839188457
-1.2250683963282016,0.3171803234887589,-2.38664813627072,-1.4651557600541096,0.20651116233148564
1.9153362030269256,2.7935594229048473,1.5609542890216748,-2.0268412991591496,-2.2996672076469378
-2.5272057624527307,-2.4210088012316606,-0.9148608487076956,1.433163834112201,-2.5920600422516857
-3.416188193778876,0.49869014158879105,-1.9543114116341591,-1.4423263804962256,-1.026826010199665
2.0590022528678102,0.7101843263116647,1.1344896709546308,-1.525681350503774,1.5525210422713756
2.1674914057839096,-0.19463838427675292,1.7838598099600764,-2.3635345388905895,-0.47980898564685937
-1.7376936892852248,-1.4228176570325837,-0.5593372888983976,2.3794228694133808,-2.530894027787614
1.508033137533881,-1.0223360072877128,4.965340659534234,1.7125257355780379,0.10144651909877857
-1.1728666039735296,-0.2300481245069284,2.0432708489612486,1.5219994449432723,-0.4752974429173954
0.8252771968275912,-2.262828842769473,2.9016718833400224,3.276528284489065,2.2270131743589774
0.5926576105784138,1.1224145829665488,-1.6703149733421618,-1.844366601005102,-3.024260375895604
2.600923260428812,-0.9308037957452346,-0.10876829697449546,-1.0349969563222594,0.8490969702520865
-0.6064724345924062,-0.8090042347261975,1.0535068293620713,1.4346483591108354,-0.5805691537367936
-0.16131547132872162,-0.9794834494622187,-0.8756090226107428,1.0807246226500105,-1.2082930945826493
-2.7145586285345575,-0.8049648674423717,0.935683018947241,0.24639598681185815,0.9323902118499342
-2.5124170914467654,1.0132702016235662,-1.0938742981219614,0.8849699696459609,-2.4746660773077784
2.4749775412584,2.2141301348836304,2.518052786637114,-0.33849294115509043,-0.16383171499340246
3.360120307233635,-0.5899526089091631,-0.9718972864856303,1.6801487378950246,2.924106702556789
1.8269998219319101,2.005545392444399,2.7204154766655355,-1.6624504933738815,-0.9522618209966732
0.9695013753749986,1.409841356577813,0.15010322019300704,-1.9118604595389477,0.9935999363948265
-1.4366864145087515,-0.3732864335933939,-1.4667380248470165,0.3690694711029573,-1.4638686838898256
-0.6570251232358408,-1.5332103123600267,0.6978672884335604,0.8997258633051771,0.9736947936344263
-2.0503422767581476,-1.1536097234839766,0.8154322695157135,2.390492067322535,1.6488968514166578
1.3537474710352462,1.328070506508339,1.1919211620398893,-2.212071408717189,6.412300890981212
0.7460011149136977,-1.4961421978499705,-0.14541779625133402,1.3153067014926112,-1.2771833474608307
-0.10339173418402622,-1.3752203998654693,-0.3085665615687004,-0.07188591891501707,0.863189766824631
0.0158674138686191,-0.8745465712914383,0.5711215309830322,0.5627358811713019,1.9548841360992164
0.6934002521062802,-1.8854468330543703,-1.4219043239047084,-0.816216809569724,2.4953473134979802
1.801058679885736,-1.4767889552521256,0.5058665908825805,4.547501102107277,0.004629677388889072
-1.2921373429129783,0.4717255997387459,-1.6984273669096324,0.8181564637318008,1.6976004116587826
1.5691597278944747,-1.032681202862555,0.3174011640261254,-0.37251901164545453,1.2581577246920772
-0.8841413030993728,-1.2315520314363892,0.8309697093774054,1.0903846655603289,-2.7450601965985064
0.7048283625103787,-0.563410961956866,3.4600446811979544,0.32379818511850517,-0.1685438265500041
-2.7950254630169806,-2.0268218657256374,-2.7211283825622954,1.9433611974273244,3.7910839376113272
0.030020613283852835,2.159462028822948,-1.4672009676771682,-0.29061684484050065,0.3233216778591803
-1.9938584958357517,-0.27335831153383405,-3.4154908737755956,0.683271334456195,1.2970385515000789
1.138411953411166,3.5524953068949467,-0.3073803289647212,-1.6649787436834258,0.3945749779430183
-0.49058178626544013,-2.0908948293138874,0.9553271297464663,3.8308165990512735,-0.20089122130972809
1.7711106770387712,4.182250927785593,-0.7635077681652553,-3.2921478222711777,4.191785465503765
3.773732109622552,1.0884552677005588,3.506017599123079,0.769432094152172,-1.871263400904148
0.7496854383166915,0.581274772932727,0.7663697078566891,2.3611660741124085,-4.316089545725182
-0.5029725169964335,0.49622052687076434,0.5155406548654853,-1.3975306919576977,-2.935630639731215
-2.202269201599502,-0.9319919926145065,-1.506041093067629,-0.1667628337501045,1.2561284668552506
-0.4788975183636095,-0.8544029978638455,-0.07566187715269387,-1.062917208736066,-2.3369852876547608
-1.1577384991632211,-0.5128905467877405,1.7964566096858068,3.2473142235304686,0.08194019908909803
-0.3733362846094832,-0.8352619225631681,2.165082546059029,3.5462222859491925,-3.0300449389143056
-0.6990887511582674,-1.659578915343953,-2.2496898234483824,1.323600050218814,1.4456335054275884
2.935393316377288,0.5381909333886636,0.4896524322901504,0.7202404528957829,0.23141856377850833
-0.4158923086349934,0.8939168638279846,0.057156614494739466,-2.0596540705648083,-1.8437361001236197
-3.361525909659422,-1.8656791028037145,-0.01855798774005757,1.9001470173788861,1.756425167203892
-3.8864484880697603,-1.7975431562641608,-1.7287456202771625,0.43167710536763715,-0.6887957318143261
1.51465504405407,2.67323470964095,-0.004499105360080871,-0.8517041109221929,-0.2677451459742927
-2.7389753550239337,0.2851167926092982,-2.3123455199922587,-1.5186488139134688,-1.7978632555821155
1.2013077318223941,1.884192783794978,-0.12142310566371109,-0.3638505927402864,-1.5517932056034451
-0.15458014434988862,-0.2984711203305632,0.27186690678741965,-1.2070265398743294,-0.36397973899379416
2.234224239996808,-0.735200922191746,4.044376507652588,1.4449831043599115,-0.8219933471018189
0.3402008036888541,-0.44341242443448237,-0.6526556241130664,3.9156087762850937,1.1837484931577735
0.6304650630458047,-0.28426923144474786,1.9211980623265967,1.2455723583930942,-1.4387730203310887
-1.0163952599763078,0.7482370879070349,-0.10813386496064561,-1.218854917487273,-2.226771341712438
2.002885627200064,-2.032206053098248,0.6444070345862981,2.58367297446168,4.283985516176729
-2.5282790322997486,0.03878621185898902,-0.9848595531040795,-0.2641018641664689,-2.111459698864684
-0.07695631733459052,-0.7380822958018922,1.091245553070088,-0.48530326088573117,-0.8507881395561022
-3.2392054697249204,1.2911016494565024,-2.7590340203996075,-1.4561741381561388,-3.1684289298349113
-1.9390153102838914,-2.7749546301519437,3.976806310288075,3.263740498417165,-0.0781554443623081
0.020788957913265113,-0.29885835635779956,-0.21392519237404317,0.8069567030340847,0.5046108947254282
2.7396444232276362,2.093248121646247,-0.12122755975365376,-0.7700204191807497,1.6485488858209292
-2.5413320858344406,1.7464977524875138,0.6381402819726019,-0.10641602046759469,-3.7291428052748565
-2.4261719305013436,-0.04004999956368588,-2.5486244503041693,-0.45567841189239394,-0.7307786064498285
-1.9230267743054417,0.913301905708761,1.7975607897826011,0.42624808501631684,-3.553991317690883
-0.8547497545036751,-2.3069933516474532,-1.9962838634757352,-0.3259441922617784,4.26241542644881
1.250243930285513,-1.6423429035001709,0.6442502529761549,-0.5456576538270465,0.10187382178087352
-3.3389646666306545,0.11508769659923065,-0.10373633137204578,0.7642446689022295,-0.763529823927857
-0.9866944301377146,-1.3771054159864682,0.9906247700114917,-0.08464202780310794,0.2845906418728455
0.014352915000197614,3.1313026172688883,-1.253568367060922,-3.2441510615689357,0.854447204631544
4.571166504843279,1.0893274308091034,1.726166720312943,0.18484579592982642,3.111487266020989
0.48838066059903595,-1.8054334333128088,-0.09709152844829075,2.7860255618792764,0.4409994238989216
-2.1293599604227182,-1.5058395063580319,-1.5970336077244975,0.006772176328601075,0.6716162051268423
1.4565827443121904,1.491808174061282,-0.6409809983310043,-2.0005707932370926,0.13621410963330088
2.0254263998498945,-1.2973934754664938,-1.4107492324710973,-0.5474774679115972,1.8344962970375118
0.9210912517692095,-0.5967709385645732,2.711889638222544,-0.036522864889626624,0.8079943826670962
-2.371864506672282,1.712616871354422,-2.626752705496189,-1.186711353864785,-0.4884774827654126
0.5416841709251198,-0.13892796349693085,-0.5698389449818893,-0.9564244399742851,-1.1784463181629394
-2.9801566537855457,-1.8793099217902474,-1.6057284728020602,1.079400577734855,-1.5862084261565985
3.086457210564098,-0.1747142054453381,1.095804739017964,2.106754077405587,0.18298464330692468
-0.7659438928683742,3.489548829038295,-3.4845510344764645,-2.8819015431487487,-1.14189050796293
0.3673002738216066,1.7750209028922868,-1.2527850364811217,-0.523024326555804,-2.240074455224235
-0.6341864611184522,-0.8915267168160963,-0.5002384882107285,2.1730260004710216,2.5625726585851836
-2.348209723929724,1.7783509712787884,0.43960420631530256,-0.8013475578366963,-0.857890843453026
0.667216830197888,1.0436529269792605,2.013213479422153,0.2016651803086111,-3.104658841515278
0.9892647508618322,-1.5516226463122378,1.1927238539167546,0.43542640785855785,0.8665226387273908
-2.2369156138040065,0.6397010894591395,-2.2463804780101078,-0.8770297770946358,-2.0558418384442043
2.1717760399812245,0.22421448920861559,2.107965602029994,0.2901614214974404,-4.13446968920254
-0.49877707452145986,0.3875901488684796,1.8610620372234195,-2.0517299951621486,2.5663938475442434
1.2823508946671736,1.1321140788684367,-2.3952001140684027,-2.199350082601696,0.14671455834453395
2.9578555862755826,0.7492238226538822,2.2577487966018857,-1.7225246604651085,2.2310804050687962
2.650273806591151,-2.5980541063041964,1.6990098236297486,0.8944500846222235,0.9600944947881608
-1.116995546532916,-1.8385876848438136,-1.8006099929694617,1.2964367381719868,-0.1355295954001907
-1.6891157658638418,-1.107602956568014,-1.1283020713786318,-0.1857460660289485,-2.9599325782739685
1.2557761104714513,0.6375891968405536,0.020126955324092404,0.10102072904853561,-3.472553430118322
0.5367279634718023,0.5551344616205554,0.41112475856963826,-0.8253624248112481,-0.7960795274956883
0.3165595267373144,-0.6722416037433618,1.8822774713846213,-0.319276034425131,-1.5388527710422275
-1.362919566745056,0.88427605878372,-0.8533096618104866,-0.0768535927707861,1.8909047549249722
-0.42114105805287716,1.2949344619236758,1.5174197179630395,0.5247518929358062,-0.2335680554026969
3.7393489084091427,1.2529149022896742,3.2013498695608646,0.18657034744305692,2.8221323984777453
1.992288191757403,-1.4065070913767546,2.893120545828772,-1.909480894074182,1.0318532692292355
2.8032762455186635,0.22313795521731866,1.3751306267787553,2.135590381550303,3.7041312224175504
0.8371973927083335,-1.5670267332574703,2.6565539228049904,3.0968717342027823,-1.1428901252477457
-3.238856271994893,-0.3965863025707076,0.12656353103913504,0.28704114020679433,0.22386438806415074
1.0909379445620095,-0.9883696244690006,1.2311998113131386,0.9261681724512523,1.3305907437469116
-1.0335594480973103,0.4164648323943508,1.0035360102270199,0.6224255409707479,0.8122734908960072
6.750072524466236,-1.925482240090186,3.5552818464544402,4.066216998504175,2.409028557362091
-0.12753119659818044,-1.0702347736733104,2.340524368138045,-0.06108563652263783,3.0805187752661434
4.415825234200875,2.6776255500671082,0.9236000610422999,0.4560414266263202,3.441843520795988
-1.070826400525384,-0.6029237996970089,-0.7511034117607293,1.154333491358769,-2.2982235159190525
0.6272458013680329,-0.2787506879348308,2.2355349858573113,1.604255742432045,0.47428857131864255
2.2892494471263274,-1.9200330483286232,2.2032392846558335,-2.52924916120948,3.45022027738875
0.4551042472035973,0.4051355536976346,1.2001433985599248,-1.3474693515738332,2.6780967731775016
1.1086659642107477,0.5448064634058684,0.7243392803442595,1.7561799321019702,-2.9525732739842487
0.7232122393740323,-0.7446891969106861,0.3543311211270684,-0.24855897519730674,-1.4840684984700578
0.07998872474519458,1.4532136774485396,0.22204062684221829,-2.5610202516540226,-0.8444530753436114
0.7195896680822899,0.6416776667055446,0.14869788030173825,-1.5707770887027785,-1.32364435099373
3.177655776621307,0.5711062053333928,0.7938171351636654,-1.2068487195415558,2.5590957637567446
1.7282510345502216,0.5277878190451244,0.6520810881035545,0.5430159153738866,1.3975444835049502
-0.24306886426977864,-0.16892471750908464,1.1608258494220371,-0.22704440984002427,-2.9209247327473653
-0.8190873750608756,0.7790686602157375,2.374509977404906,-1.1493780120747148,-0.2967282356022479
-2.9135803870754704,-1.4996339046957472,2.280703922174367,3.0933891861151426,2.16615390758294
1.5817697914217699,0.9222155554506982,-1.8008140166258535,-1.2138535239598296,0.6574739919015957
1.6308755661733139,-1.4485135314144477,-0.4304928315564619,2.8842811340847447,2.0050423283438468
-0.8771729530847961,1.5571224667804815,-2.242724679346972,-3.2657356253183436,3.5047042998548523
-3.8282142474072245,-0.8081747946504625,-2.670889834939606,0.1790854118562321,-3.508168697027177
-2.551809166359105,-0.9968163905096851,-2.0803822315730103,-0.21150640472612284,-2.940625530168769
1.4382677097163743,-2.0067144896736244,1.2963038226048842,1.5389185221533432,0.9549002043270425
4.272072780056227,2.4951743959627763,-2.4729128171607804,-0.1454787419323671,2.293268946622679
1.1371191708254569,3.1541079298158836,0.08118143414152985,-4.469843447738329,-0.4738520395139978
2.2870174903107645,1.0519842672588693,2.6290553876997276,0.9831131969267172,0.670794529587291
2.106360663803378,-2.287122963184174,-0.4665237829822991,3.0172705296465705,2.416566415674811
1.3753351271015384,1.395230110385818,-0.31974270312954883,-1.7143284670163679,-0.6107846694649011
-0.6204957016384092,1.3451967771492306,-0.8092996112027533,-1.7498635414019024,2.1488749291075004
0.4983706982968039,2.09516629892821,-1.4901884644397347,-3.2282837794206296,-0.13248679534411453
1.0773176735739414,-0.7973841620983038,2.4134013923474025,-1.9149170671132558,1.6676717137586408
2.6312048141439064,0.5567083085717855,2.1493913243201312,0.572086792504493,3.2177572738609204
1.6474052596119317,0.47116311680002654,-0.6244219466291964,-1.236337560662838,-0.6182446732703201
-1.0733889760747588,-2.084814721531145,-1.3238937530572743,2.3424437101690545,-2.6007961920923637
0.7704641143156203,1.3638978459328752,-0.32745169907432103,-3.5696315990496164,-0.45357275606456676
4.614063498339262,0.226725282623722,3.8911631383428773,-2.0684059847157865,-1.970848988095136
0.8695234288610023,0.6802792558123454,0.3465575033950363,1.0660043061669648,-0.998541754313412
2.50262410294172,1.921628340002506,-0.36508992546157126,-1.5407235844538207,0.22371396935378596
-1.8814877416227724,0.31310215096755906,-2.5185371522059876,-0.3476102466251165,-1.0145948836624359
2.7193548611555527,0.5408205444661869,2.333985718419217,-1.403498816288248,2.6420257802111853
